1879.583	1.43
1879.667	0.73
1879.75	-0.22
1879.833	1.08
1879.917	-0.23
1880	-0.16
1880.083	-0.54
1880.167	-0.75
1880.25	-1.18
1880.333	-0.3
1880.417	-1.06
1880.5	0.06
1880.583	-0.17
1880.667	-0.77
1880.75	-0.42
1880.833	-0.72
1880.917	0.17
1881	0.44
1881.083	-1.24
1881.167	-1.05
1881.25	-0.48
1881.333	-0.6
1881.417	-0.06
1881.5	0.36
1881.583	1.53
1881.667	-0.17
1881.75	-0.72
1881.833	-1.22
1881.917	-1.83
1882	-1.06
1882.083	-0.54
1882.167	0.65
1882.25	0.62
1882.333	0.8
1882.417	-0.96
1882.5	0.36
1882.583	0.93
1882.667	0.13
1882.75	-0.22
1882.833	0.18
1882.917	0.67
1883	0.84
1883.083	0.16
1883.167	-0.55
1883.25	-1.18
1883.333	0.4
1883.417	-1.36
1883.5	-0.84
1883.583	-0.07
1883.667	0.43
1883.75	-0.12
1883.833	-0.12
1883.917	-0.13
1884	-0.06
1884.083	0.66
1884.167	-1.75
1884.25	-0.48
1884.333	-1
1884.417	-0.06
1884.5	1.36
1884.583	-0.47
1884.667	-1.57
1884.75	-0.62
1884.833	-0.32
1884.917	-1.13
1885	-1.06
1885.083	-1.34
1885.167	0.25
1885.25	-1.28
1885.333	0.9
1885.417	1.14
1885.5	0.86
1885.583	0.53
1885.667	0.03
1885.75	-0.02
1885.833	0.18
1885.917	0.67
1886	-0.76
1886.083	-0.54
1886.167	-0.95
1886.25	0.92
1886.333	0.4
1886.417	0.24
1886.5	-0.04
1886.583	1.13
1886.667	1.13
1886.75	-0.32
1886.833	-0.62
1886.917	-0.23
1887	-0.16
1887.083	-0.44
1887.167	-0.55
1887.25	0.52
1887.333	0.1
1887.417	-0.36
1887.5	0.16
1887.583	0.03
1887.667	1.13
1887.75	-0.22
1887.833	1.18
1887.917	0.37
1888	0.24
1888.083	0.36
1888.167	-0.35
1888.25	0.22
1888.333	-0.6
1888.417	0.94
1888.5	0.86
1888.583	0.73
1888.667	-0.07
1888.75	-0.62
1888.833	-0.42
1888.917	-0.63
1889	-0.46
1889.083	-0.14
1889.167	0.15
1889.25	0.52
1889.333	0.2
1889.417	0.84
1889.5	-0.24
1889.583	-0.27
1889.667	0.23
1889.75	0.58
1889.833	0.68
1889.917	1.27
1890	0.34
1890.083	1.16
1890.167	-0.15
1890.25	0.12
1890.333	0.9
1890.417	0.54
1890.5	1.56
1890.583	0.53
1890.667	-0.07
1890.75	0.28
1890.833	1.28
1890.917	1.67
1891	-0.26
1891.083	0.26
1891.167	-0.05
1891.25	0.12
1891.333	1.7
1891.417	1.34
1891.5	1.16
1891.583	0.63
1891.667	0.23
1891.75	0.68
1891.833	0.08
1891.917	-1.13
1892	0.44
1892.083	-0.74
1892.167	-0.85
1892.25	-0.38
1892.333	0.1
1892.417	0.84
1892.5	0.36
1892.583	-0.37
1892.667	-0.47
1892.75	-0.42
1892.833	0.58
1892.917	0.17
1893	0.04
1893.083	-0.04
1893.167	0.85
1893.25	-0.08
1893.333	-0.4
1893.417	-0.36
1893.5	-0.24
1893.583	-0.37
1893.667	0.93
1893.75	0.08
1893.833	0.88
1893.917	0.87
1894	0.44
1894.083	0.06
1894.167	-0.35
1894.25	-0.98
1894.333	-0.7
1894.417	-0.56
1894.5	-0.84
1894.583	0.43
1894.667	-0.57
1894.75	-1.02
1894.833	-1.62
1894.917	-1.33
1895	-0.56
1895.083	-1.54
1895.167	-1.35
1895.25	-1.18
1895.333	-1.4
1895.417	-0.86
1895.5	-0.54
1895.583	-0.07
1895.667	0.03
1895.75	-0.02
1895.833	-1.32
1895.917	-0.93
1896	-0.96
1896.083	-0.44
1896.167	-0.05
1896.25	0.12
1896.333	0.3
1896.417	0.64
1896.5	0.16
1896.583	0.83
1896.667	-0.17
1896.75	0.88
1896.833	-0.62
1896.917	0.27
1897	0.24
1897.083	-0.74
1897.167	1.05
1897.25	0.82
1897.333	0.2
1897.417	-1.26
1897.5	-0.34
1897.583	-0.67
1897.667	-0.47
1897.75	-0.62
1897.833	-0.62
1897.917	-0.73
1898	-0.46
1898.083	0.46
1898.167	0.75
1898.25	-0.48
1898.333	0.4
1898.417	0.14
1898.5	0.36
1898.583	-0.07
1898.667	0.13
1898.75	0.28
1898.833	-0.32
1898.917	-0.63
1899	0.44
1899.083	0.06
1899.167	-0.55
1899.25	-0.48
1899.333	0.7
1899.417	0.54
1899.5	1.36
1899.583	0.53
1899.667	0.93
1899.75	-0.12
1899.833	-0.82
1899.917	1.07
1900	-0.56
1900.083	0.26
1900.167	-0.45
1900.25	-1.38
1900.333	-0.3
1900.417	-0.36
1900.5	0.36
1900.583	0.53
1900.667	1.23
1900.75	0.88
1900.833	1.18
1900.917	0.87
1901	1.44
1901.083	-0.24
1901.167	1.25
1901.25	-0.08
1901.333	-0.5
1901.417	-0.56
1901.5	0.06
1901.583	0.53
1901.667	-0.07
1901.75	0.28
1901.833	0.38
1901.917	0.07
1902	-0.26
1902.083	-0.44
1902.167	0.25
1902.25	-0.38
1902.333	-0.9
1902.417	-0.76
1902.5	-1.24
1902.583	-0.67
1902.667	-1.27
1902.75	-0.72
1902.833	-0.02
1902.917	-0.23
1903	-0.06
1903.083	-0.54
1903.167	0.45
1903.25	-0.98
1903.333	-0.2
1903.417	-0.96
1903.5	-0.74
1903.583	-0.47
1903.667	-0.17
1903.75	-1.22
1903.833	-0.42
1903.917	0.17
1904	-0.46
1904.083	-0.44
1904.167	0.05
1904.25	-0.98
1904.333	0.1
1904.417	-0.56
1904.5	-1.34
1904.583	-1.77
1904.667	-1.67
1904.75	-1.52
1904.833	-1.52
1904.917	-0.23
1905	0.04
1905.083	-0.14
1905.167	0.15
1905.25	-0.08
1905.333	0.3
1905.417	0.14
1905.5	-0.54
1905.583	1.03
1905.667	-0.27
1905.75	-0.82
1905.833	-0.12
1905.917	0.17
1906	0.14
1906.083	0.86
1906.167	0.25
1906.25	-0.08
1906.333	0
1906.417	-0.76
1906.5	-0.24
1906.583	-0.07
1906.667	0.23
1906.75	0.18
1906.833	-0.92
1906.917	-0.33
1907	-0.06
1907.083	0.36
1907.167	-0.15
1907.25	0.12
1907.333	1.8
1907.417	-0.16
1907.5	0.16
1907.583	0.33
1907.667	0.13
1907.75	0.28
1907.833	0.38
1907.917	-1.43
1908	-0.36
1908.083	-0.84
1908.167	-0.45
1908.25	0.52
1908.333	0.4
1908.417	0.74
1908.5	0.36
1908.583	0.73
1908.667	0.73
1908.75	1.18
1908.833	-0.62
1908.917	-0.63
1909	-0.16
1909.083	-0.14
1909.167	-0.25
1909.25	0.12
1909.333	-0.2
1909.417	-0.26
1909.5	-0.64
1909.583	-0.17
1909.667	0.13
1909.75	-0.52
1909.833	0.28
1909.917	-1.03
1910	0.24
1910.083	-0.14
1910.167	0.15
1910.25	-0.78
1910.333	0.2
1910.417	-0.06
1910.5	-0.34
1910.583	0.23
1910.667	0.23
1910.75	-0.72
1910.833	-0.62
1910.917	0.97
1911	0.74
1911.083	0.36
1911.167	0.75
1911.25	0.42
1911.333	-0.2
1911.417	0.74
1911.5	0.26
1911.583	-0.07
1911.667	-0.27
1911.75	-1.52
1911.833	-1.02
1911.917	-0.53
1912	0.24
1912.083	-0.24
1912.167	-0.55
1912.25	-0.78
1912.333	-1
1912.417	-0.56
1912.5	0.06
1912.583	-0.67
1912.667	-0.17
1912.75	-0.12
1912.833	-0.02
1912.917	0.67
1913	-0.26
1913.083	-0.54
1913.167	-0.15
1913.25	-0.98
1913.333	-1.1
1913.417	0.14
1913.5	0.06
1913.583	-0.47
1913.667	-0.57
1913.75	-0.82
1913.833	-1.62
1913.917	-0.23
1914	0.24
1914.083	0.86
1914.167	-0.35
1914.25	0.22
1914.333	-0.4
1914.417	-0.46
1914.5	-0.44
1914.583	-0.17
1914.667	-0.27
1914.75	0.08
1914.833	0.78
1914.917	-0.43
1915	-0.56
1915.083	-0.04
1915.167	0.35
1915.25	0.32
1915.333	-0.3
1915.417	0.74
1915.5	0.46
1915.583	0.73
1915.667	0.03
1915.75	0.48
1915.833	0.28
1915.917	0.57
1916	0.84
1916.083	1.06
1916.167	0.35
1916.25	-0.28
1916.333	0.4
1916.417	0.64
1916.5	0.66
1916.583	-0.87
1916.667	-0.17
1916.75	-0.12
1916.833	0.78
1916.917	0.77
1917	-0.36
1917.083	-0.74
1917.167	-0.65
1917.25	-0.78
1917.333	-0.5
1917.417	-0.06
1917.5	-1.24
1917.583	-0.37
1917.667	-0.97
1917.75	-0.82
1917.833	-0.52
1917.917	0.37
1918	-0.76
1918.083	-0.04
1918.167	-0.55
1918.25	0.12
1918.333	-0.7
1918.417	-0.36
1918.5	-0.44
1918.583	-0.27
1918.667	-0.27
1918.75	-1.52
1918.833	-0.72
1918.917	0.77
1919	1.34
1919.083	1.26
1919.167	0.75
1919.25	-0.38
1919.333	-0.5
1919.417	-0.46
1919.5	-0.24
1919.583	-0.97
1919.667	-0.37
1919.75	-0.82
1919.833	0.58
1919.917	-0.33
1920	-0.06
1920.083	0.96
1920.167	-0.95
1920.25	-0.23
1920.333	0.15
1920.417	0.04
1920.5	0.46
1920.583	-0.32
1920.667	-0.52
1920.75	-0.32
1920.833	-0.67
1920.917	-0.28
1921	-0.41
1921.083	0.36
1921.167	-0.45
1921.25	-0.38
1921.333	-0.1
1921.417	0.79
1921.5	0.01
1921.583	0.28
1921.667	-0.27
1921.75	-0.27
1921.833	-0.52
1921.917	-0.48
1922	-0.06
1922.083	-0.39
1922.167	-0.3
1922.25	-0.28
1922.333	-0.05
1922.417	0.44
1922.5	-0.09
1922.583	0.53
1922.667	0.03
1922.75	0.33
1922.833	-0.57
1922.917	0.87
1923	0.34
1923.083	0.96
1923.167	0.6
1923.25	0.02
1923.333	-0.3
1923.417	-0.31
1923.5	-0.49
1923.583	-0.17
1923.667	0.48
1923.75	0.23
1923.833	0.73
1923.917	-0.53
1924	0.14
1924.083	-0.14
1924.167	-0.65
1924.25	0.62
1924.333	0.05
1924.417	-0.61
1924.5	-0.49
1924.583	-1.02
1924.667	-0.47
1924.75	-0.17
1924.833	0.78
1924.917	-0.68
1925	0.44
1925.083	-0.99
1925.167	-0.4
1925.25	-0.98
1925.333	-0.3
1925.417	0.44
1925.5	0.56
1925.583	0.83
1925.667	0.18
1925.75	0.48
1925.833	0.88
1925.917	0.07
1926	-0.31
1926.083	-0.09
1926.167	0.05
1926.25	0.02
1926.333	-0.2
1926.417	-0.01
1926.5	0.56
1926.583	-0.72
1926.667	-0.32
1926.75	-0.17
1926.833	-0.27
1926.917	-0.48
1927	-0.26
1927.083	0.06
1927.167	0.5
1927.25	0.37
1927.333	1.1
1927.417	0.29
1927.5	-0.44
1927.583	-0.87
1927.667	-0.67
1927.75	-0.07
1927.833	-0.12
1927.917	-0.88
1928	-0.16
1928.083	0.86
1928.167	0.45
1928.25	0.02
1928.333	-0.65
1928.417	-0.56
1928.5	-0.94
1928.583	0.08
1928.667	-1.42
1928.75	-1.87
1928.833	-0.57
1928.917	0.02
1929	0.64
1929.083	0.66
1929.167	0.05
1929.25	-0.23
1929.333	-0.05
1929.417	-0.21
1929.5	-0.59
1929.583	-1.02
1929.667	-0.42
1929.75	0.03
1929.833	0.33
1929.917	1.32
1930	0.99
1930.083	-0.54
1930.167	0
1930.25	0.17
1930.333	-0.55
1930.417	0.79
1930.5	0.91
1930.583	0.33
1930.667	-0.07
1930.75	0.43
1930.833	-0.52
1930.917	0.37
1931	0.09
1931.083	0.46
1931.167	1.3
1931.25	0.52
1931.333	-0.15
1931.417	0.44
1931.5	-0.89
1931.583	-0.37
1931.667	0.18
1931.75	-0.57
1931.833	0.73
1931.917	0.37
1932	0.89
1932.083	1.31
1932.167	0.7
1932.25	0.62
1932.333	0.05
1932.417	-0.26
1932.5	0.51
1932.583	-0.57
1932.667	-0.07
1932.75	-0.17
1932.833	-0.12
1932.917	-0.83
1933	-0.81
1933.083	-0.54
1933.167	0.5
1933.25	0.77
1933.333	0.2
1933.417	0.44
1933.5	0.41
1933.583	0.78
1933.667	0.23
1933.75	0.43
1933.833	0.13
1933.917	0.07
1934	-0.41
1934.083	0.01
1934.167	-0.5
1934.25	0.32
1934.333	-1.4
1934.417	-0.16
1934.5	-0.04
1934.583	-0.27
1934.667	0.68
1934.75	-0.82
1934.833	0.28
1934.917	-0.38
1935	0.24
1935.083	0.21
1935.167	0.5
1935.25	0.72
1935.333	0.35
1935.417	0.14
1935.5	-1.04
1935.583	-0.97
1935.667	-0.57
1935.75	-0.12
1935.833	-0.02
1935.917	-0.18
1936	0.94
1936.083	0.16
1936.167	-0.75
1936.25	-0.73
1936.333	-0.9
1936.417	-0.66
1936.5	-0.94
1936.583	-0.22
1936.667	-0.27
1936.75	0.13
1936.833	-0.32
1936.917	0.22
1937	-0.61
1937.083	-1.69
1937.167	0.55
1937.25	-0.03
1937.333	0.1
1937.417	-0.01
1937.5	-0.04
1937.583	1.13
1937.667	0.73
1937.75	0.88
1937.833	-0.27
1937.917	-1.23
1938	-0.31
1938.083	0.51
1938.167	0.1
1938.25	0.37
1938.333	0.7
1938.417	0.84
1938.5	1.21
1938.583	0.83
1938.667	0.93
1938.75	0.43
1938.833	1.38
1938.917	0.82
1939	0.49
1939.083	0.46
1939.167	1.05
1939.25	0.27
1939.333	0.7
1939.417	0.54
1939.5	1.16
1939.583	0.58
1939.667	0.38
1939.75	-0.57
1939.833	-0.97
1939.917	-0.23
1940	0.44
1940.083	0.51
1940.167	-0.05
1940.25	0.97
1940.333	0.1
1940.417	-0.76
1940.5	-0.29
1940.583	-0.07
1940.667	-0.47
1940.75	-0.27
1940.833	0.03
1940.917	0.67
1941	0.59
1941.083	0.16
1941.167	0.45
1941.25	0.17
1941.333	-0.05
1941.417	0.54
1941.5	1.16
1941.583	0.28
1941.667	0.18
1941.75	0.43
1941.833	0.08
1941.917	0.12
1942	0.39
1942.083	0.41
1942.167	0.6
1942.25	-0.38
1942.333	-0.35
1942.417	-0.86
1942.5	-0.29
1942.583	-1.17
1942.667	0.23
1942.75	1.13
1942.833	0.13
1942.917	-0.43
1943	-0.46
1943.083	0.01
1943.167	0.05
1943.25	-0.98
1943.333	0.35
1943.417	-0.46
1943.5	1.01
1943.583	-0.37
1943.667	0.23
1943.75	-1.62
1943.833	-1.77
1943.917	0.37
1944	0.54
1944.083	1.06
1944.167	0.45
1944.25	0.92
1944.333	0.65
1944.417	-0.11
1944.5	0.46
1944.583	-0.42
1944.667	-0.17
1944.75	-0.17
1944.833	0.13
1944.917	1.12
1945	0.24
1945.083	0.91
1945.167	1.75
1945.25	1.97
1945.333	0
1945.417	-0.36
1945.5	-0.09
1945.583	-0.77
1945.667	-0.37
1945.75	-0.77
1945.833	-0.67
1945.917	-1.18
1946	-0.16
1946.083	-0.89
1946.167	1.05
1946.25	-0.38
1946.333	0.05
1946.417	-0.66
1946.5	0.16
1946.583	-0.37
1946.667	-0.57
1946.75	-0.47
1946.833	-1.57
1946.917	-1.48
1947	-0.46
1947.083	-2.04
1947.167	-0.05
1947.25	-0.13
1947.333	0.05
1947.417	-0.56
1947.5	-0.89
1947.583	-0.87
1947.667	-1.12
1947.75	-1.07
1947.833	0.68
1947.917	2.27
1948	2.14
1948.083	1.21
1948.167	-0.05
1948.25	0.62
1948.333	-0.25
1948.417	-0.91
1948.5	0.06
1948.583	-0.37
1948.667	-0.37
1948.75	0.58
1948.833	1.18
1948.917	0.42
1949	-0.41
1949.083	-0.19
1949.167	0.5
1949.25	-0.13
1949.333	0.3
1949.417	0.34
1949.5	0.76
1949.583	0.78
1949.667	0.23
1949.75	-0.57
1949.833	-0.72
1949.917	0.42
1950	-1.16
1950.083	-0.89
1950.167	0.2
1950.25	-0.13
1950.333	-0.2
1950.417	-0.21
1950.5	-0.79
1950.583	-0.32
1950.667	-0.52
1950.75	0.63
1950.833	0.08
1950.917	-0.08
1951	0.14
1951.083	0.76
1951.167	0
1951.25	0.37
1951.333	0.95
1951.417	0.84
1951.5	0.26
1951.583	-0.12
1951.667	0.83
1951.75	0.68
1951.833	0.13
1951.917	-0.53
1952	0.04
1952.083	-0.09
1952.167	1.15
1952.25	0.37
1952.333	0.05
1952.417	0.09
1952.5	-0.09
1952.583	0.48
1952.667	-0.07
1952.75	0.38
1952.833	0.33
1952.917	0.37
1953	1.44
1953.083	0.31
1953.167	0.15
1953.25	0.37
1953.333	0.2
1953.417	0.44
1953.5	0.31
1953.583	1.53
1953.667	1.18
1953.75	0.63
1953.833	-0.17
1953.917	0.42
1954	-1.16
1954.083	-0.04
1954.167	0
1954.25	0.42
1954.333	-0.3
1954.417	-0.31
1954.5	0.01
1954.583	-0.27
1954.667	-0.17
1954.75	1.03
1954.833	1.28
1954.917	-0.18
1955	-0.16
1955.083	1.31
1955.167	0.15
1955.25	-0.93
1955.333	0.15
1955.417	1.34
1955.5	0.26
1955.583	0.73
1955.667	0.18
1955.75	0.93
1955.833	0.58
1955.917	-0.78
1956	0.59
1956.083	-0.64
1956.167	0.1
1956.25	-0.33
1956.333	-0.15
1956.417	0.39
1956.5	0.06
1956.583	0.28
1956.667	0.03
1956.75	-0.22
1956.833	0.03
1956.917	-0.03
1957	-0.31
1957.083	0.01
1957.167	-0.9
1957.25	0.07
1957.333	-0.5
1957.417	0.49
1957.5	-0.39
1957.583	-0.97
1957.667	0.13
1957.75	0.63
1957.833	0.38
1957.917	-0.13
1958	-0.46
1958.083	0.21
1958.167	0.45
1958.25	1.02
1958.333	-0.4
1958.417	-0.11
1958.5	0.31
1958.583	-0.17
1958.667	-0.57
1958.75	-0.82
1958.833	0.58
1958.917	-0.03
1959	-0.86
1959.083	-0.59
1959.167	-0.85
1959.25	-1.33
1959.333	-0.6
1959.417	0.29
1959.5	0.91
1959.583	-0.52
1959.667	-0.02
1959.75	0.03
1959.833	-0.52
1959.917	-0.63
1960	0.09
1960.083	-0.14
1960.167	-1.05
1960.25	-0.63
1960.333	0.2
1960.417	-0.26
1960.5	0.11
1960.583	0.43
1960.667	0.38
1960.75	0.23
1960.833	-0.07
1960.917	-0.18
1961	-0.76
1961.083	0.79
1961.167	0.85
1961.25	0.42
1961.333	1.4
1961.417	-0.16
1961.5	0.16
1961.583	-0.12
1961.667	0.1
1961.75	-0.15
1961.833	-0.05
1961.917	0.27
1962	-0.16
1962.083	-0.84
1962.167	-0.32
1962.25	0.49
1962.333	-0.23
1962.417	-0.43
1962.5	-0.17
1962.583	-0.47
1962.667	-0.9
1962.75	-0.49
1962.833	-0.65
1962.917	-0.46
1963	-0.39
1963.083	-1.01
1963.167	-0.75
1963.25	-0.45
1963.333	0.1
1963.417	0.11
1963.5	-0.47
1963.583	-0.07
1963.667	-0.2
1963.75	0.11
1963.833	0.61
1963.917	-0.6
1964	-1.46
1964.083	-1.04
1964.167	-0.35
1964.25	-0.98
1964.333	-0.2
1964.417	0.34
1964.5	-1.57
1964.583	-1.24
1964.667	-1.1
1964.75	-0.35
1964.833	-0.22
1964.917	1.2
1965	0.34
1965.083	0.83
1965.167	0.18
1965.25	0.69
1965.333	0.73
1965.417	1.14
1965.5	0.69
1965.583	-0.37
1965.667	-0.2
1965.75	0.58
1965.833	-0.72
1965.917	-1.16
1966	0.24
1966.083	0.39
1966.167	-0.85
1966.25	0.22
1966.333	0.33
1966.417	-0.09
1966.5	-0.87
1966.583	-0.9
1966.667	-0.14
1966.75	-0.25
1966.833	0.11
1966.917	-0.6
1967	0.34
1967.083	0.63
1967.167	0.18
1967.25	1.22
1967.333	0.43
1967.417	-0.59
1967.5	0.26
1967.583	-0.07
1967.667	-0.17
1967.75	0.68
1967.833	1.15
1967.917	-0.2
1968	1.17
1968.083	0.66
1968.167	0.02
1968.25	-0.41
1968.333	-0.4
1968.417	0.11
1968.5	-0.41
1968.583	-1.2
1968.667	-0.1
1968.75	-0.09
1968.833	-0.15
1968.917	-1.46
1969	-0.99
1969.083	-0.31
1969.167	-1.08
1969.25	-0.38
1969.333	-0.33
1969.417	-1.26
1969.5	-0.81
1969.583	-0.44
1969.667	-0.6
1969.75	-0.22
1969.833	-0.39
1969.917	-0.76
1970	-0.99
1970.083	-0.71
1970.167	-0.98
1970.25	-0.71
1970.333	0.43
1970.417	-0.09
1970.5	-0.81
1970.583	-0.44
1970.667	0.13
1970.75	0.28
1970.833	0.38
1970.917	0.14
1971	-0.66
1971.083	-0.31
1971.167	-0.42
1971.25	-0.01
1971.333	-0.77
1971.417	-0.96
1971.5	-0.61
1971.583	-0.77
1971.667	-1.14
1971.75	-0.32
1971.833	0.25
1971.917	0.24
1972	0.31
1972.083	-1.04
1972.167	-1.45
1972.25	-0.88
1972.333	0.43
1972.417	0.47
1972.5	0.13
1972.583	1.1
1972.667	0.06
1972.75	-0.09
1972.833	-1.65
1972.917	0.14
1973	-1.16
1973.083	-1.01
1973.167	-0.95
1973.25	-0.01
1973.333	-0.17
1973.417	-1.03
1973.5	-0.54
1973.583	-0.57
1973.667	0.33
1973.75	-0.25
1973.833	-0.09
1973.917	0.4
1974	0.64
1974.083	-0.31
1974.167	0.05
1974.25	-0.51
1974.333	-0.8
1974.417	-0.16
1974.5	-0.47
1974.583	-1.27
1974.667	-1.5
1974.75	-0.89
1974.833	0.15
1974.917	0.14
1975	0.64
1975.083	-0.14
1975.167	-0.88
1975.25	0.55
1975.333	-0.17
1975.417	0.37
1975.5	0.06
1975.583	0.3
1975.667	-0.34
1975.75	-0.32
1975.833	-0.15
1975.917	0.07
1976	-0.59
1976.083	0.39
1976.167	-0.48
1976.25	-0.28
1976.333	-1.07
1976.417	-0.43
1976.5	0.46
1976.583	0.4
1976.667	-1.07
1976.75	-0.95
1976.833	-0.69
1976.917	0.27
1977	-1.06
1977.083	-0.27
1977.167	0.05
1977.25	-0.11
1977.333	-0.2
1977.417	1.17
1977.5	-0.01
1977.583	0.1
1977.667	0.23
1977.75	0.21
1977.833	-0.25
1977.917	0.17
1978	-1.36
1978.083	-0.61
1978.167	-0.02
1978.25	-0.11
1978.333	0.13
1978.417	-0.16
1978.5	-1.17
1978.583	-0.87
1978.667	0.3
1978.75	1.08
1978.833	-0.02
1978.917	0.8
1979	-0.73
1979.083	-1.17
1979.167	0.25
1979.25	-0.55
1979.333	-0.27
1979.417	0.34
1979.5	-0.11
1979.583	0.03
1979.667	0.36
1979.75	1.01
1979.833	-0.22
1979.917	1.17
1980	0.64
1980.083	0.49
1980.167	0.25
1980.25	0.19
1980.333	0.03
1980.417	0.94
1980.5	0.59
1980.583	0.43
1980.667	1.26
1980.75	0.18
1980.833	1.45
1980.917	0.2
1981	0.37
1981.083	0.16
1981.167	0.12
1981.25	0.89
1981.333	-0.63
1981.417	-0.39
1981.5	-0.31
1981.583	-0.84
1981.667	0
1981.75	0.38
1981.833	-0.29
1981.917	0.57
1982	0.71
1982.083	0.63
1982.167	-0.08
1982.25	0.39
1982.333	-0.67
1982.417	0.27
1982.5	-0.91
1982.583	-1.17
1982.667	-0.57
1982.75	-0.32
1982.833	0.08
1982.917	-1.06
1983	-0.16
1983.083	-0.21
1983.167	0.25
1983.25	0.15
1983.333	-0.07
1983.417	-0.59
1983.5	-1.31
1983.583	-1.04
1983.667	-0.7
1983.75	0.45
1983.833	-0.29
1983.917	-0.66
1984	-0.39
1984.083	-0.14
1984.167	-0.18
1984.25	-0.21
1984.333	0.63
1984.417	-0.06
1984.5	-0.04
1984.583	-0.77
1984.667	-0.14
1984.75	0.41
1984.833	1.41
1984.917	-0.33
1985	-0.73
1985.083	-0.04
1985.167	-0.95
1985.25	0.22
1985.333	-0.67
1985.417	-0.23
1985.5	-0.17
1985.583	-0.54
1985.667	0.63
1985.75	1.05
1985.833	0.11
1985.917	-0.76
1986	-1.03
1986.083	-0.21
1986.167	-0.15
1986.25	-0.18
1986.333	-1.03
1986.417	0.14
1986.5	-0.47
1986.583	0.73
1986.667	0.56
1986.75	-0.62
1986.833	0.95
1986.917	0.37
1987	0.77
1987.083	0.93
1987.167	1.08
1987.25	0.82
1987.333	-0.73
1987.417	-0.73
1987.5	0.36
1987.583	0.5
1987.667	0.5
1987.75	0.45
1987.833	-1.22
1987.917	-0.06
1988	-0.23
1988.083	-0.81
1988.167	-0.75
1988.25	0.79
1988.333	1.2
1988.417	0.01
1988.5	0.23
1988.583	0.63
1988.667	1.1
1988.75	1.15
1988.833	0.35
1988.917	-0.5
1989	1.11
1989.083	0.43
1989.167	0.55
1989.25	-0.28
1989.333	-0.13
1989.417	-0.03
1989.5	0.36
1989.583	0.83
1989.667	0.66
1989.75	-0.12
1989.833	-0.22
1989.917	-1.2
1990	-1.13
1990.083	-0.37
1990.167	-0.35
1990.25	0.22
1990.333	-0.9
1990.417	0.21
1990.5	0.33
1990.583	1.33
1990.667	-0.14
1990.75	0.31
1990.833	-0.42
1990.917	0.17
1991	-0.66
1991.083	-0.44
1991.167	-0.15
1991.25	-0.23
1991.333	0.15
1991.417	-0.06
1991.5	1.81
1991.583	1.48
1991.667	1.1
1991.75	1.01
1991.833	0.25
1991.917	0.8
1992	0.74
1992.083	0.83
1992.167	0.12
1992.25	1.49
1992.333	1.63
1992.417	-0.06
1992.5	-0.41
1992.583	0.3
1992.667	0.46
1992.75	0.63
1992.833	0.35
1992.917	1.6
1993	0.34
1993.083	0.79
1993.167	0.45
1993.25	-0.18
1993.333	0.17
1993.417	-1.13
1993.5	-0.34
1993.583	0.08
1993.667	-0.4
1993.75	-0.09
1993.833	-0.92
1993.917	-0.8
1994	-0.43
1994.083	-0.17
1994.167	-0.32
1994.25	0.59
1994.333	0.55
1994.417	-0.46
1994.5	-0.81
1994.583	-0.57
1994.667	-0.7
1994.75	1.18
1994.833	1.61
1994.917	0.2
1995	1.21
1995.083	1.53
1995.167	1.42
1995.25	1.39
1995.333	1.2
1995.417	2.17
1995.5	0.89
1995.583	0.53
1995.667	0.8
1995.75	0.28
1995.833	0.15
1995.917	-0.8
1996	0.24
1996.083	-1.57
1996.167	-0.88
1996.25	-0.45
1996.333	-0.23
1996.417	-1.06
1996.5	-0.17
1996.583	-0.14
1996.667	0.76
1996.75	0.58
1996.833	1.18
1996.917	0.97
1997	-0.56
1997.083	-0.34
1997.167	0.45
1997.25	0.82
1997.333	0.8
1997.417	0.34
1997.5	-0.94
1997.583	-0.37
1997.667	0.23
1997.75	0.68
1997.833	1.68
1997.917	0.77
1998	1.14
1998.083	-0.04
1998.167	-0.05
1998.25	0.72
1998.333	0.7
1998.417	0.54
1998.5	0.51
1998.583	1.18
1998.667	1.58
1998.75	1.73
1998.833	2.23
1998.917	2.37
1999	0.99
1999.083	0.96
1999.167	1.45
1999.25	0.52
1999.333	1.75
1999.417	0.39
1999.5	0.76
1999.583	2.03
1999.667	1.98
1999.75	0.98
1999.833	0.38
1999.917	-0.23
2000	1.34
2000.083	-0.29
2000.167	1.25
2000.25	0.82
2000.333	-0.45
2000.417	-0.11
2000.5	0.46
2000.583	-0.47
2000.667	-0.32
2000.75	0.13
2000.833	0.68
2000.917	1.22
2001	-0.36
2001.083	0.46
2001.167	0.15
2001.25	0.32
2001.333	0.57
2001.417	0.39
2001.5	0.51
2001.583	1.28
2001.667	0.88
2001.75	1.03
2001.833	-0.02
2001.917	0.37
2002	0.39
2002.083	0.36
2002.167	0.52
2002.25	-0.78
2002.333	0.53
2002.417	0.91
2002.5	0.09
2002.583	0.26
2002.667	0.53
2002.75	-0.19
2002.833	-0.79
2002.917	0.27
2003	-0.06
2003.083	0.66
2003.167	-0.18
2003.25	-0.45
2003.333	-0.93
2003.417	0.94
2003.5	0.41
2003.583	0.13
2003.667	-0.07
2003.75	0.48
2003.833	-0.52
2003.917	-0.33
2004	1.04
2004.083	1.96
2004.167	0.45
2004.25	0.52
2004.333	0.2
2004.417	0.59
2004.5	1.26
2004.583	0.53